{
  "AGNEBY-TIASSA": "AGNEBY-TIASSA",
  "BAFING": "BAFING",
  "BAGOUE": "BAGOUE",
  "BELIER": "BELIER",
  "BERE": "BERE",
  "BOUNKANI": "BOUNKANI",
  "CAVALLY": "CAVALLY",
  "DISTRICT AUTONOME D'ABIDJAN": "ABIDJAN",
  "DISTRICT AUTONOME DE YAMOUSSOUKRO": "YAMOUSSOUKRO",
  "FOLON": "FOLON",
  "GBEKE": "GBEKE",
  "GBOKLE": "GBÔKLE",
  "GOH": "GÔH",
  "GONTOUGO": "GONTOUGO",
  "GRANDS PONTS": "GRANDS PONTS",
  "GUEMON": "GUEMON",
  "HAMBOL": "HAMBOL",
  "HAUT-SASSANDRA": "HAUT-SASSANDRA",
  "IFFOU": "IFFOU",
  "INDENIE-DJUABLIN": "INDENIE - DJUABLIN",
  "KABADOUGOU": "KABADOUGOU",
  "LA ME": "LA ME",
  "LOH-DJIBOUA": "LÔH - DJIBOUA",
  "MARAHOUE": "MARAHOUE",
  "MORONOU": "MORONOU",
  "NAWA": "NAWA",
  "N'ZI": "N'ZI",
  "PORO": "PORO",
  "SAN-PEDRO": "SAN PEDRO",
  "SUD-COMOE": "SUD-COMOE",
  "TCHOLOGO": "TCHOLOGO",
  "TONKPI": "TONKPI",
  "WORODOUGOU": "WORODOUGOU"
}