{
  "regions": {
    "AGNEBY-TIASSA": "AGNEBY-TIASSA",
    "BAFING": "BAFING",
    "BAGOUE": "BAGOUE",
    "BELIER": "BELIER",
    "BERE": "BERE",
    "BOUNKANI": "BOUNKANI",
    "CAVALLY": "CAVALLY",
    "DISTRICT AUTONOME D'ABIDJAN": "ABIDJAN",
    "DISTRICT AUTONOME DE YAMOUSSOUKRO": "YAMOUSSOUKRO",
    "GBEKE": "GBEKE",
    "FOLON": "FOLON",
    "GBOKLE": "GBÔKLE",
    "GONTOUGO": "GONTOUGO",
    "GOH": "GÔH",
    "GUEMON": "GUEMON",
    "GRANDS PONTS": "GRANDS PONTS",
    "HAMBOL": "HAMBOL",
    "HAUT-SASSANDRA": "HAUT-SASSANDRA",
    "IFFOU": "IFFOU",
    "INDENIE-DJUABLIN": "INDENIE - DJUABLIN",
    "KABADOUGOU": "KABADOUGOU",
    "LA ME": "LA ME",
    "LOH-DJIBOUA": "LÔH - DJIBOUA",
    "MARAHOUE": "MARAHOUE",
    "MORONOU": "MORONOU",
    "NAWA": "NAWA",
    "N'ZI": "N'ZI",
    "PORO": "PORO",
    "SAN-PEDRO": "SAN PEDRO",
    "SUD-COMOE": "SUD-COMOE",
    "TCHOLOGO": "TCHOLOGO",
    "TONKPI": "TONKPI",
    "WORODOUGOU": "WORODOUGOU"
  },
  "departements": {
    "AGBOVILLE": "AGBOVILLE",
    "SIKENSI": "SIKENSI",
    "TAABO": "TAABO",
    "TIASSALE": "TIASSALE",
    "KORO": "KORO",
    "OUANINOU": "OUANINOU",
    "TOUBA": "TOUBA",
    "BOUNDIALI": "BOUNDIALI",
    "KOUTO": "KOUTO",
    "TENGRELA": "TENGRELA",
    "DIDIEVI": "DIDIEVI",
    "DJEKANOU": "DJEKANOU",
    "TIEBISSOU": "TIEBISSOU",
    "TOUMODI": "TOUMODI",
    "DIANRA": "DIANRA",
    "KOUNAHIRI": "KOUNAHIRI",
    "MANKONO": "MANKONO",
    "BOUNA": "BOUNA",
    "DOROPO": "DOROPO",
    "TEHINI": "TEHINI",
    "NASSIAN": "NASSIAN",
    "BLOLEQUIN": "BLOLEQUIN",
    "GUIGLO": "GUIGLO",
    "TAI": "TAI",
    "TOULEPLEU": "TOULEPLEU",
    "ABIDJAN": "ABIDJAN",
    "ATTIEGOUAKRO": "ATTIEGOUAKRO",
    "YAMOUSSOUKRO": "YAMOUSSOUKRO",
    "BEOUMI": "BEOUMI",
    "BOTRO": "BOTRO",
    "BOUAKE": "BOUAKE",
    "SAKASSOU": "SAKASSOU",
    "KANIASSO": "KANIASSO",
    "MINIGNAN": "MINIGNAN",
    "FRESCO": "FRESCO",
    "SASSANDRA": "SASSANDRA",
    "BONDOUKOU": "BONDOUKOU",
    "KOUN-FAO": "KOUN-FAO",
    "SANDEGUE": "SANDEGUE",
    "TANDA": "TANDA",
    "TRANSUA": "TRANSUA",
    "GAGNOA": "GAGNOA",
    "OUME": "OUME",
    "BANGOLO": "BANGOLO",
    "DUEKOUE": "DUEKOUE",
    "FACOBLY": "FACOBLY",
    "DABOU": "DABOU",
    "GRAND-LAHOU": "GRAND LAHOU",
    "JACQUEVILLE": "JACQUEVILLE",
    "KOUIBLY": "KOUIBLY",
    "DABAKALA": "DABAKALA",
    "NIAKARAMADOUGOU": "NIAKARAMADOUGOU",
    "KATIOLA": "KATIOLA",
    "DALOA": "DALOA",
    "ISSIA": "ISSIA",
    "VAVOUA": "VAVOUA",
    "ZOUKOUGBEU": "ZOUKOUGBEU",
    "DAOUKRO": "DAOUKRO",
    "M'BAHIAKRO": "M'BAHIAKRO",
    "OUELLE": "OUELLE",
    "PRIKRO": "PRIKRO",
    "ABENGOUROU": "ABENGOUROU",
    "AGNIBILEKRO": "AGNIBILEKRO",
    "BETTIE": "BETTIE",
    "GBELEBAN": "GBELEBAN",
    "MADINANI": "MADINANI",
    "ODIENNE": "ODIENNE",
    "SAMATIGUILA": "SAMATIGUILA",
    "SEGUELON": "SEGUELON",
    "AKOUPE": "AKOUPE",
    "ALEPE": "ALEPE",
    "ADZOPE": "ADZOPE",
    "YAKASSE-ATTOBROU": "YAKASSE ATTOBROU",
    "DIVO": "DIVO",
    "GUITRY": "GUITRY",
    "LAKOTA": "LAKOTA",
    "BOUAFLE": "BOUAFLE",
    "GOHITAFLA": "GOHITAFLA",
    "BONON": "BONON",
    "SINFRA": "SINFRA",
    "ZUENOULA": "ZUENOULA",
    "ARRAH": "ARRAH",
    "BONGOUANOU": "BONGOUANOU",
    "M'BATTO": "M'BATTO",
    "BUYO": "BUYO",
    "GUEYO": "GUEYO",
    "MEAGUI": "MEAGUI",
    "SOUBRE": "SOUBRE",
    "BOCANDA": "BOCANDA",
    "DIMBOKRO": "DIMBOKRO",
    "KOUASSI-KOUASSIKRO": "KOUASSI-KOUASSIKRO",
    "DIKODOUGOU": "DIKODOUGOU",
    "KORHOGO": "KORHOGO",
    "M'BENGUE": "M'BENGUE",
    "SINEMATIALI": "SINEMATIALI",
    "SAN-PEDRO": "SAN PEDRO",
    "TABOU": "TABOU",
    "ABOISSO": "ABOISSO",
    "ADIAKE": "ADIAKE",
    "GRAND-BASSAM": "GRAND BASSAM",
    "TIAPOUM": "TIAPOUM",
    "FERKESSEDOUGOU": "FERKESSEDOUGOU",
    "OUANGOLODOUGOU": "OUANGOLODOUGOU",
    "KONG": "KONG",
    "BIANKOUMA": "BIANKOUMA",
    "DANANE": "DANANE",
    "MAN": "MAN",
    "SIPILOU": "SIPILOU",
    "ZOUHAN-HOUNIEN": "ZOUHAN-HOUNIEN",
    "KANI ": "KANI",
    "SEGUELA": "SEGUELA"
  },
  "sousPrefectures": {
    "ABOUDE": "ABOUDE",
    "AGBOVILLE": "AGBOVILLE",
    "ANANGUIE": "ANANGUIE",
    "ATTOBROU": "ATTOBROU",
    "AZAGUIE": "AZAGUIE",
    "CECHI ": "CECHI",
    "GRAND-MORIE": "GRAND-MORIE",
    "GUESSIGUIE": "GUESSIGUIE",
    "LOVIGUIE": "LOVIGUIE",
    "ORESS-KROBOU": "ORESS-KROBOU",
    "RUBINO": "RUBINO",
    "GOMON": "GOMON",
    "SIKENSI": "SIKENSI",
    "PACOBO": "PACOBO",
    "TAABO": "TAABO",
    "GBOLOUVILLE": "GBOLOUVILLE",
    "MOROKRO": "MOROKRO",
    "N'DOUCI": "N'DOUCI",
    "TIASSALE": "TIASSALE",
    "BOOKO": "BOOKO",
    "BOROTOU": "BOROTOU",
    "KORO": "KORO",
    "MAHANDOUGOU": "MAHANDOUGOU",
    "NIOKOSSO": "NIOKOSSO",
    "GBELO": "GBELO",
    "GOUEKAN": "GOUEKAN",
    "KOONAN": "KOONAN",
    "OUANINOU": "OUANINOU",
    "SABOUDOUGOU": "SABOUDOUGOU",
    "SANTA (DE OUANINOU)": "SANTA (DE OUANINOU)",
    "DIOMAN": "DIOMAN",
    "FOUNGBESSO": "FOUNGBESSO",
    "GUINTEGUELA": "GUINTEGUELA",
    "TOUBA": "TOUBA",
    "BAYA": "BAYA",
    "BOUNDIALI": "BOUNDIALI",
    "GANAONI": "GANAONI",
    "KASSERE": "KASSERE",
    "SIEMPURGO": "SIEMPURGO",
    "BLESSEGUE": "BLESSEGUE",
    "GBON": "GBON",
    "KOLIA": "KOLIA",
    "KOUTO": "KOUTO",
    "SIANHALA": "SIANHALA",
    "DEBETE": "DEBETE",
    "KANAKONO": "KANAKONO",
    "PAPARA": "PAPARA",
    "TENGRELA": "TENGRELA",
    "BOLI": "BOLI",
    "DIDIEVI": "DIDIEVI",
    "MOLONOU-BLE": "MOLONOU BLE",
    "RAVIART": "RAVIART",
    "TIE-N’DIEKRO": "TIE-N’DIEKRO",
    "BONIKRO": "BONIKRO",
    "DJEKANOU": "DJEKANOU",
    "LOMOKANKRO": "LOMOKANKRO",
    "MOLONOU": "MOLONOU",
    "TIEBISSOU": "TIEBISSOU",
    "YAKPABO-SAKASSOU": "YAKPABO-SAKASSOU",
    "ANGODA": "ANGODA",
    "KOKOUMBO": "KOKOUMBO",
    "KPOUEBO": "KPOUEBO",
    "TOUMODI": "TOUMODI",
    "DIANRA": "DIANRA",
    "DIANRA-VILLAGE": "DIANRA VILLAGE",
    "KONGASSO": "KONGASSO",
    "KOUNAHIRI": "KOUNAHIRI",
    "BOUANDOUGOU": "BOUANDOUGOU",
    "MANKONO": "MANKONO",
    "MARANDALAH": "MARANDALAH",
    "SARHALA": "SARHALA",
    "TIENINGBOUE": "TIENINGBOUE",
    "BOUKO": "BOUKO",
    "BOUNA": "BOUNA",
    "ONDEFIDOUO": "ONDEFIDOUO",
    "YOUNDOUO": "YOUNDOUO",
    "DANOA": "DANOA",
    "DOROPO": "DOROPO",
    "KALAMON": "KALAMON",
    "NIAMOUE": "NIAMOUE",
    "GOGO": "GOGO",
    "TEHINI": "TEHINI",
    "TOUGBO": "TOUGBO",
    "BOGOFA": "BOGOFA",
    "KAKPIN": "KAKPIN",
    "KOTOUBA": "KOTOUBA",
    "NASSIAN": "NASSIAN",
    "SOMINASSE": "SOMINASSE",
    "BLOLEQUIN": "BLOLEQUIN",
    "DIBOKE": "DIBOKE",
    "DOKE": "DOKE",
    "TINHOU": "TINHOU",
    "ZEAGLO": "ZEAGLO",
    "BEDY-GOAZON": "BEDY-GOAZON",
    "GUIGLO": "GUIGLO",
    "KAADE": "KAADE",
    "NIZAHON": "NIZAHON",
    "TAI": "TAI",
    "ZAGNE": "ZAGNE",
    "BAKOUBLY": "BAKOUBLY",
    "MEO": "MEO",
    "NEZOBLY ": "NEZOBLY",
    "PEHE": "PEHE",
    "TIOBLY": "TIOBLY",
    "TOULEPLEU": "TOULEPLEU",
    "ANYAMA": "ANYAMA",
    "BINGERVILLE": "BINGERVILLE",
    "BROFODOUME": "BROFODOUME",
    "SONGON": "SONGON",
    "ATTIEGOUAKRO": "ATTIEGOUAKRO",
    "LOLOBO (D'ATTIEGOUAKRO)": "LOLOBO (D'ATTIEGOUAKRO)",
    "KOSSOU": "KOSSOU",
    "YAMOUSSOUKRO": "YAMOUSSOUKRO",
    "ANDO-KEKRENOU": "ANDO-KEKRENOU",
    "BEOUMI": "BEOUMI",
    "BODOKRO": "BODOKRO",
    "KONDROBO": "KONDROBO",
    "LOLOBO (DE BEOUMI) ": "LOLOBO (DE BEOUMI) ",
    "MARABADIASSA": "MARABADIASSA",
    "N'GUESSANKRO (DE BEOUMI)": "N'GUESSANKRO (DE BEOUMI)",
    "BOTRO": "BOTRO",
    "DIABO": "DIABO",
    "KROFOINSOU": "KROFOINSOU",
    "LANGUIBONOU": "LANGUIBONOU",
    "BOUAKE": "BOUAKE",
    "BOUNDA": "BOUNDA",
    "BROBO": "BROBO",
    "DJEBONOUA": "DJEBONOUA",
    "MAMINI": "MAMINI",
    "AYAOU-SRAN": "AYAOU-SRAN",
    "DIBRI-ASSIRIKRO": "DIBRI-ASSIRIKRO",
    "SAKASSOU": "SAKASSOU",
    "TOUMODI-SAKASSOU": "TOUMODI-SAKASSOU",
    "GOULIA": "GOULIA",
    "KANIASSO": "KANIASSO",
    "MAHANDIANA-SOKOURANI": "MAHANDIANA-SOKOURANI",
    "KIMBIRILA-NORD": "KIMBIRILA-NORD",
    "MINIGNAN": "MINIGNAN",
    "SOKORO": "SOKORO",
    "TIENKO": "TIENKO",
    "DAHIRI": "DAHIRI",
    "FRESCO": "FRESCO",
    "GBAGBAM": "GBAGBAM",
    "DAKPADOU": "DAKPADOU",
    "GRIHIRI": "GRIHIRI",
    "LOBAKUYA": "LOBAKUYA",
    "MEDON": "MEDON",
    "SAGO": "SAGO",
    "SASSANDRA": "SASSANDRA",
    "APPIMANDOUM": "APPIMANDOUM",
    "BONDO": "BONDO",
    "BONDOUKOU": "BONDOUKOU",
    "GOUMERE": "GOUMERE",
    "LAOUDI-BA": "LAOUDI BA",
    "PINDA-BOROKO": "PINDA-BOROKO",
    "SAPLI-SEPINGO": "SAPLI-SEPINGO",
    "SOROBANGO": "SOROBANGO",
    "TABAGNE": "TABAGNE",
    "TAGADI": "TAGADI",
    "TAOUDI": "TAOUDI",
    "YEZIMALA": "YEZIMALA",
    "BOAHIA": "BOAHIA",
    "KOKOMIAN": "KOKOMIAN",
    "KOUASSI-DATEKRO": "KOUASSI-DATEKRO",
    "KOUN-FAO": "KOUN FAO",
    "TANKESSE": "TANKESSE",
    "TIENKOIKRO": "TIENKOIKRO",
    "BANDAKAGNI-TOMORA": "BANDAKAGNI-TOMORA",
    "DIMANDOUGOU": "DIMANDOUGOU",
    "SANDEGUE": "SANDEGUE",
    "YOROBODI": "YOROBODI",
    "AMANVI": "AMANVI",
    "DIAMBA": "DIAMBA",
    "TANDA": "TANDA",
    "TIEDIO": "TIEDIO",
    "ASSUEFRY": "ASSUEFRY",
    "KOUASSI-NIAGUINI": "KOUASSI-NIAGUINI",
    "TRANSUA": "TRANSUA",
    "BAYOTA": "BAYOTA",
    "DAHIEPA-KEHI": "DAHIEPA-KEHI",
    "DIGNAGO": "DIGNAGO",
    "DOUGROUPALEGNOA": "DOUGROUPALEGNOA",
    "DOUKOUYO": "DOUKOUYO",
    "GAGNOA": "GAGNOA",
    "GALEBRE / GALEBOUO": "GALEBRE / GALEBOUO",
    "GNAGBODOUGNOA": "GNAGBODOUGNOA",
    "GUIBEROUA": "GUIBEROUA",
    "OURAGAHIO": "OURAGAHIO",
    "SERIHIO": "SERIHIO",
    "YOPOHUE": "YOPOHUE",
    "DIEGONEFLA": "DIEGONEFLA",
    "GUEPAHOUO": "GUEPAHOUO",
    "OUME": "OUME",
    "TONLA": "TONLA",
    "BANGOLO": "BANGOLO",
    "BEOUE-ZIBIAO": "BEOUE-ZIBIAO",
    "BLENIMEOUIN": "BLENIMEOUIN",
    "DIEOUZON": "DIEOUZON",
    "GOHOUO-ZAGNA": "GOHOUO-ZAGNA",
    "GUINGLO-TAHOUAKE": "GUINGLO-TAHOUAKE",
    "KAHIN-ZARABAON": "KAHIN-ZARABAON",
    "ZEO": "ZEO",
    "ZOU": "ZOU",
    "BAGOHOUO": "BAGOHOUO",
    "DUEKOUE": "DUEKOUE",
    "GBAPLEU": "GBAPLEU",
    "GUEHIEBLY": "GUEHIEBLY",
    "GUEZON-DUEKOUE": "GUEZON-DUEKOUE",
    "FACOBLY": "FACOBLY",
    "DABOU": "DABOU",
    "LOPOU": "LOPOU",
    "TOUPAH": "TOUPAH",
    "AHOUANOU": "AHOUANOU",
    "BACANDA": "BACANDA",
    "EBONOU": "EBONOU",
    "GRAND-LAHOU": "GRAND-LAHOU",
    "TOUKOUZOU": "TOUKOUZOU",
    "ATTOUTOU": "ATTOUTOU",
    "JACQUEVILLE": "JACQUEVILLE",
    "GUEZON (DE FACOBLY)": "GUEZON (DE FACOBLY)",
    "KOUA": "KOUA",
    "SEMIEN": "SEMIEN",
    "TIENY-SIABLY": "TIENY-SIABLY",
    "KOUIBLY": "KOUIBLY",
    "NIDROU": "NIDROU",
    "OUYABLY-GNONDROU": "OUYABLY-GNONDROU",
    "TOTRODROU": "TOTRODROU",
    "BASSAWA": "BASSAWA",
    "BONIEREDOUGOU": "BONIEREDOUGOU",
    "DABAKALA": "DABAKALA",
    "FOUMBOLO": "FOUMBOLO",
    "NIEMENE": "NIEMENE",
    "SATAMA-SOKORO": "SATAMA SOKORO",
    "SATAMA-SOKOURA": "SATAMA SOKOURA",
    "SOKALA-SOBARA": "SOKALA-SOBARA",
    "TENDENE-BAMBARASSO": "TENDENE-BAMBARASSO",
    "YAOSSEDOUGOU": "YAOSSEDOUGOU",
    "ARIKOKAHA": "ARIKOKAHA",
    "BADIKAHA": "BADIKAHA",
    "NIAKARAMADOUGOU": "NIAKARAMADOUGOU",
    "NIEDIEKAHA": "NIEDIEKAHA",
    "TAFIRE": "TAFIRE",
    "TORTIYA": "TORTIYA",
    "FRONAN": "FRONAN",
    "KATIOLA": "KATIOLA",
    "TIMBE": "TIMBE",
    "BEDIALA": "BEDIALA",
    "DALOA": "DALOA",
    "GADOUAN": "GADOUAN",
    "GBOGUHE": "GBOGUHE",
    "GONATE": "GONATE",
    "ZAÏBO": "ZAÏBO",
    "BOGUEDIA": "BOGUEDIA",
    "IBOGUHE": "IBOGUHE",
    "ISSIA": "ISSIA",
    "NAHIO": "NAHIO",
    "NAMANE": "NAMANE",
    "SAÏOUA": "SAÏOUA",
    "TAPEGUIA": "TAPEGUIA",
    "BAZRA-NATTIS": "BAZRA-NATTIS",
    "DANANON": "DANANON",
    "DANIA": "DANIA",
    "KETTRO-BASSAM": "KETTRO-BASSAM",
    "SEITIFLA": "SEITIFLA",
    "VAVOUA": "VAVOUA",
    "DOMANGBEU": "DOMANGBEU",
    "GREGBEU": "GREGBEU",
    "GUESSABO": "GUESSABO",
    "ZOUKOUGBEU": "ZOUKOUGBEU",
    "DAOUKRO": "DAOUKRO",
    "ETTROKRO": "ETTROKRO",
    "N'GATTAKRO": "N'GATTAKRO",
    "SAMANZA": "SAMANZA",
    "BONGUERA": "BONGUERA",
    "KONDOSSOU": "KONDOSSOU",
    "M'BAHIAKRO": "M'BAHIAKRO",
    "AKPASSANOU": "AKPASSANOU",
    "ANANDA": "ANANDA",
    "OUELLE": "OUELLE",
    "ANIANOU": "ANIANOU",
    "FAMIENKRO": "FAMIENKRO",
    "KOFFI-AMONKRO": "KOFFI-AMONKRO",
    "NAFANA-PRIKRO": "NAFANA-PRIKRO",
    "PRIKRO": "PRIKRO",
    "ABENGOUROU": "ABENGOUROU",
    "AMELEKIA": "AMELEKIA",
    "ANIASSUE": "ANIASSUE",
    "EBILASSOKRO": "EBILASSOKRO",
    "NIABLE": "NIABLE",
    "YAKASSE-FEYASSE": "YAKASSE-FEYASSE",
    "ZARANOU": "ZARANOU",
    "AGNIBILEKRO": "AGNIBILEKROU",
    "AKOBOISSUE": "AKOBOISSUE",
    "DAME": "DAME",
    "DUFFREBO": "DUFFREBO",
    "TANGUELAN": "TANGUELAN",
    "BETTIE": "BETTIE",
    "DIAMARAKRO": "DIAMARAKRO",
    "GBELEBAN": "GBELEBAN",
    "SAMANGO": "SAMANGO",
    "SEYDOUGOU": "SEYDOUGOU",
    "FENGOLO": "FENGOLO",
    "MADINANI": "MADINANI",
    "N’GOLOBLASSO": "N’GOLOBLASSO",
    "BAKO": "BAKO",
    "BOUGOUSSO": "BOUGOUSSO",
    "DIOULATIEDOUGOU": "DIOULATIEDOUGOU",
    "ODIENNE": "ODIENNE",
    "TIEME": "TIEME",
    "KIMBIRILA-SUD": "KIMBIRILA-SUD",
    "SAMATIGUILA": "SAMATIGUILA",
    "GBONGAHA": "GBONGAHA",
    "SEGUELON": "SEGUELON",
    "AFFERY": "AFFERY",
    "AKOUPE": "AKOUPE",
    "BECOUEFIN": "BECOUEFIN",
    "ABOISSO-COMOE": "ABOISSO-COMOE",
    "ALEPE": "ALEPE",
    "ALLOSSO": "ALLOSSO",
    "DANGUIRA": "DANGUIRA",
    "OGHLWAPO": "OGHLWAPO",
    "ADZOPE": "ADZOPE",
    "AGOU": "AGOU",
    "ANNEPE": "ANNEPE",
    "ASSIKOI": "ASSIKOI",
    "BECEDI-BRIGNAN": "BECEDI-BRIGNAN",
    "YAKASSE-ME": "YAKASSE-ME",
    "ABONGOUA": "ABONGOUA",
    "BIEBY": "BIEBY",
    "YAKASSE-ATTOBROU": "YAKASSE-ATTOBROU",
    "CHIEPO": "CHIEPO",
    "DIDOKO": "DIDOKO",
    "DIVO": "DIVO",
    "HIRE": "HIRE",
    "NEBO": "NEBO",
    "OGOUDOU": "OGOUDOU",
    "ZEGO": "ZEGO",
    "DAIRO-DIDIZO": "DAIRO-DIDIZO",
    "GUITRY": "GUITRY",
    "LAUZOUA": "LAUZOUA",
    "YOCOBOUE": "YOCOBOUE",
    "DJIDJI": "DJIDJI",
    "GAGORE": "GAGORE",
    "GOUDOUKO": "GOUDOUKO",
    "LAKOTA": "LAKOTA",
    "NIAMBEZARIA": "NIAMBEZARIA",
    "ZIKISSO": "ZIKISSO",
    "BEGBESSOU": "BEGBESSOU",
    "BOUAFLE": "BOUAFLE",
    "N'DOUFFOUKANKRO": "N'DOUFFOUKANKRO",
    "PAKOUABO": "PAKOUABO",
    "TIBEITA": "TIBEITA",
    "GOHITAFLA": "GOHITAFLA",
    "IRIEFLA": "IRIEFLA",
    "MAMINIGUI": "MAMINIGUI",
    "BONON": "BONON",
    "ZAGUIETA": "ZAGUIETA",
    "KONONFLA": "KONONFLA",
    "KANZRA": "KANZRA",
    "VOUEBOUFLA": "VOUEBOUFLA",
    "ZANZRA": "ZANZRA",
    "ZUENOULA": "ZUENOULA",
    "BAZRE": "BAZRE",
    "KOUETINFLA": "KOUETINFLA",
    "SINFRA": "SINFRA",
    "ARRAH": "ARRAH",
    "KOTOBI": "KOTOBI",
    "KREGBE": "KREGBE",
    "ANDE": "ANDE",
    "ASSIE-KOUMASSI": "ASSIE-KOUMASSI",
    "BONGOUANOU": "BONGOUANOU",
    "N’GUESSANKRO-BONGOUANOU": "N’GUESSANKRO-BONGOUANOU",
    "ANOUMABA": "ANOUMABA",
    "ASSAHARA": "ASSAHARA",
    "M'BATTO": "M'BATTO",
    "TIEMELEKRO": "TIEMELEKRO",
    "BUYO": "BUYO",
    "DAPEOUA": "DAPEOUA",
    "DABOUYO": "DABOUYO",
    "GUEYO": "GUEYO",
    "GNAMANGUI": "GNAMANGUI",
    "MEAGUI": "MEAGUI",
    "OUPOYO": "OUPOYO",
    "GRAND-ZATTRY": "GRAND-ZATTRY",
    "LILIYO": "LILIYO",
    "OKROUYO": "OKROUYO",
    "SOUBRE": "SOUBRE",
    "BENGASSOU": "BENGASSOU",
    "BOCANDA": "BOCANDA",
    "KOUADIOBLEKRO": "KOUADIOBLEKRO",
    "N'ZEKREZESSOU": "N'ZEKREZESSOU",
    "ABIGUI": "ABIGUI",
    "DIANGOKRO": "DIANGOKRO",
    "DIMBOKRO": "DIMBOKRO",
    "NOFOU": "NOFOU",
    "KOUASSI-KOUASSIKRO": "KOUASSI-KOUASSIKRO",
    "MEKRO": "MEKRO",
    "BORON": "BORON",
    "DIKODOUGOU": "DIKODOUGOU",
    "GUIEMBE": "GUIEMBE",
    "DASSOUNGBOHO": "DASSOUNGBOHO",
    "KANOROBA": "KANOROBA",
    "KARAKORO": "KARAKORO",
    "KIEMOU": "KIEMOU",
    "KOMBOLOKOURA": "KOMBOLOKOURA",
    "KOMBORODOUGOU": "KOMBORODOUGOU",
    "KONI": "KONI",
    "KORHOGO": "KORHOGO",
    "LATAHA": "LATAHA",
    "NAFOUN": "NAFOUN",
    "NAPIELEODOUGOU": "NAPIELEODOUGOU",
    "N'GANON": "N'GANON",
    "NIOFOIN": "NIOFOIN",
    "SIRASSO": "SIRASSO",
    "SOHOUO": "SOHOUO",
    "TIORONIARADOUGOU": "TIORONIARADOUGOU",
    "BOUGOU": "BOUGOU",
    "KATIALI": "KATIALI",
    "KATOGO": "KATOGO",
    "M'BENGUE": "M'BENGUE",
    "BAHOUAKAHA": "BAHOUAKAHA",
    "KAGBOLODOUGOU": "KAGBOLODOUGOU",
    "SEDIEGO": "SEDIEGO",
    "SINEMATIALI": "SINEMATIALI",
    "DOBA": "DOBA",
    "DOGBO": "DOGBO",
    "GABIADJI": "GABIADJI",
    "GRAND-BEREBY": "GRAND-BEREBY",
    "SAN-PEDRO": "SAN PEDRO",
    "DAPO-IBOKE": "DAPO-IBOKE",
    "DJAMANDIOKE": "DJAMANDIOKE",
    "DJOUROUTOU": "DJOUROUTOU",
    "GRABO": "GRABO",
    "OLODIO": "OLODIO",
    "TABOU": "TABOU",
    "ABOISSO": "ABOISSO",
    "ADAOU": "ADAOU",
    "ADJOUAN": "ADJOUAN",
    "AYAME": "AYAME",
    "BIANOUAN": "BIANOUAN",
    "KOUAKRO": "KOUAKRO",
    "MAFERE": "MAFERE",
    "YAOU": "YAOU",
    "ADIAKE": "ADIAKE",
    "ASSINIE-MAFIA": "ASSINIE-MAFIA",
    "ETUEBOUE": "ETUEBOUE",
    "BONGO": "BONGO",
    "BONOUA": "BONOUA",
    "GRAND-BASSAM": "GRAND-BASSAM",
    "NOE": "NOE",
    "NOUAMOU": "NOUAMOU",
    "TIAPOUM": "TIAPOUM",
    "FERKESSEDOUGOU": "FERKESSEDOUGOU",
    "KOUMBALA": "KOUMBALA",
    "TOGONIERE": "TOGONIERE",
    "DIAWALA": "DIAWALA",
    "KAOUARA": "KAOUARA",
    "NIELLE": "NIELLE",
    "OUANGOLODOUGOU": "OUANGOLODOUGOU",
    "TOUMOUKORO": "TOUMOUKORO",
    "BILIMONO": "BILIMONO",
    "KONG": "KONG",
    "NAFANA(DE KONG)": "NAFANA(DE KONG)",
    "SIKOLO": "SIKOLO",
    "BIANKOUMA": "BIANKOUMA",
    "BLAPLEU": "BLAPLEU",
    "GBANGBEGOUINE": "GBANGBEGOUINE",
    "GBONNE": "GBONNE",
    "GOUINE": "GOUINE",
    "KPATA": "KPATA",
    "SANTA-BIANKOUMA": "BIANKOUMA",
    "DALEU": "DALEU",
    "DANANE": "DANANE",
    "GBON-HOUYE ": "GBON-HOUYE",
    "KOUAN-HOULE": "KOUAN-HOULE",
    "MAHAPLEU": "MAHAPLEU",
    "SEILEU": "SEILEU",
    "ZONNEU": "ZONNEU",
    "BOGOUINE": "BOGOUINE",
    "FAGNAMPLEU": "FAGNAMPLEU",
    "GBANGBEGOUINE YATI": "GBANGBEGOUINE-YATI",
    "LOGOUALE": "LOGOUALE",
    "MAN": "MAN",
    "PODIAGOUINE": "PODIAGOUINE",
    "SANDOUGOU-SOBA": "SANDOUGOU-SOBA",
    "SANGOUINE": "SANGOUINE",
    "YAPLEU": "YAPLEU",
    "ZAGOUE": "ZAGOUE",
    "ZIOGOUINE": "ZIOGOUINE",
    "SIPILOU": "SIPILOU",
    "YORODOUGOU": "YORODOUGOU",
    "BANNEU": "BANNEU",
    "BIN-HOUYE": "BIN-HOUYE",
    "GOULALEU": "GOULALEU",
    "TEAPLEU": "TEAPLEU",
    "YELLEU": "YELLEU",
    "ZOUHAN-HOUNIEN": "ZOUHAN-HOUNIEN",
    "DJIBROSSO": "DJIBROSSO",
    "FADIADOUGOU": "FADIADOUGOU",
    "KANI ": "KANI",
    "MORONDO": "MORONDO",
    "BOBI": "BOBI",
    "DIARABANA": "DIARABANA",
    "DUALLA": "DUALLA",
    "KAMALO": "KAMALO",
    "MASSALA": "MASSALA",
    "SEGUELA": "SEGUELA",
    "SIFIE": "SIFIE",
    "WOROFLA": "WOROFLA"
  }
}