[
    {
        "lang_code": "fra",
        "hierarchy_level": "0",
        "hierarchy_level_name": "Pays",
        "is_active": "TRUE"
    },
    {
        "lang_code": "fra",
        "hierarchy_level": "1",
        "hierarchy_level_name": "Region",
        "is_active": "TRUE"
    },
    {
        "lang_code": "fra",
        "hierarchy_level": "2",
        "hierarchy_level_name": "Chef lieu",
        "is_active": "TRUE"
    },
    {
        "lang_code": "fra",
        "hierarchy_level": "3",
        "hierarchy_level_name": "Département",
        "is_active": "TRUE"
    },
    {
        "lang_code": "fra",
        "hierarchy_level": "4",
        "hierarchy_level_name": "Sous Préfectures",
        "is_active": "TRUE"
    },
    {
        "lang_code": "fra",
        "hierarchy_level": "5",
        "hierarchy_level_name": "Commune",
        "is_active": "TRUE"
    }
]