[
{"type":"header","version":"5.2.1","comment":"Export to JSON plugin for PHPMyAdmin"},
{"type":"database","name":"wurimeeting"},
{"type":"table","name":"locality_type","database":"wurimeeting","data":
[
{"id":"1","created_at":"2025-03-19 17:44:57","name":"PAYS","updated_at":null,"type_localite_id":null,"deleted_at":null},
{"id":"2","created_at":"2025-03-19 17:44:57","name":"DISTRICT","updated_at":null,"type_localite_id":null,"deleted_at":null},
{"id":"3","created_at":"2025-03-19 17:44:57","name":"REGION","updated_at":null,"type_localite_id":null,"deleted_at":null},
{"id":"4","created_at":"2025-03-19 17:44:57","name":"departement","updated_at":"2025-03-19 22:39:30","type_localite_id":null,"deleted_at":null},
{"id":"5","created_at":"2025-03-19 17:44:57","name":"sub_prefecture","updated_at":"2025-03-19 22:27:35","type_localite_id":null,"deleted_at":null},
{"id":"6","created_at":"2025-03-19 17:44:57","name":"village","updated_at":"2025-03-19 22:36:43","type_localite_id":null,"deleted_at":null},
{"id":"7","created_at":"2025-03-19 17:59:17","name":"region","updated_at":"2025-03-19 17:59:17","type_localite_id":null,"deleted_at":null},
{"id":"8","created_at":"2025-03-19 17:59:17","name":"department_","updated_at":"2025-03-19 22:38:53","type_localite_id":null,"deleted_at":null},
{"id":"9","created_at":"2025-03-19 17:59:17","name":"sub_prefecture","updated_at":"2025-03-19 17:59:17","type_localite_id":null,"deleted_at":null}
]
}
]
